# This is a temporary file that holds github username to git id mappings. As user's sign
# the CLA, the entry here is moved to the .cla-signers file.

aburgm | Armin Burgmeier <aburgmeier@bloomberg.net>
akanehira | kanehira <etcxngsy813@gmail.com>
alanhdu | Alan Du <alanhdu@gmail.com>
aldanor | Ivan Smirnov <i.s.smirnov@gmail.com>
amelio-vazquez-reina | Amelio Vazquez-Reina <amelio.vazquez.reina@gmail.com>
anntzer | Antony Lee <anntzer.lee@gmail.com>
ARF1 | ARF1 <arik@funke.eu>
arkottke | Albert Kottke <albert.kottke@gmail.com>
AvdN | Anthon van der Neut <anthon@mnt.org>
bchapman | Brennan Chapman <brennan@moonbotstudios.com>
bearnshaw | Berton Earnshaw <berton.earnshaw@gmail.com>
Bezier89 | James Sexton <TwistedLadder@gmail.com>
bilderbuchi | Christoph Buchner <bilderbuchi@users.noreply.github.com>
blake-nicholson | Blake Nicholson <blake.nicholson@principled.io>
blindgaenger | blindgaenger <me@blindgaenger.net>
bradsaracik | Brad S <35494318+bradsaracik@users.noreply.github.com>
brentp | Brent Pedersen <bpederse@gmail.com>
certik | Ondřej Čertík <ondrej.certik@gmail.com>
chrislf | Chris Linton-Ford <chris.lintonford@gmail.com>
cstich | Christoph Stich <christoph.n.stich@gmail.com>
daineseh | Dainese Hsiao <daineseh@gmail.com>
dan-blanchard | Dan Blanchard <dan.blanchard@gmail.com>
ddale | Darren Dale <dsdale24@gmail.com>
delicb | Bojan Delic <bojan@delic.in.rs>
dfroger | David Froger <david.froger@inria.fr>
dhirschfeld | David Hirschfeld <david.hirschfeld@gazprom-mt.com>
dmkent | David Kent <davidkent@fastmail.com.au>
edwardreed81 | Ed Reed <ed.r.reed@lmco.com>
elehcim | Michele Mastropietro <michele.mastropietro@gmail.com>
eliteraspberries | Mansour Moufid <mansourmoufid@gmail.com>
esc | Valentin Haenel <valentin@haenel.co>
faph | Florenz A. P. Hollebrandse <faph@users.noreply.github.com>
flaviomartins | Flavio Martins <flaviomartins@acm.org>
gomyhr | Geir Ove Myhr <Geir.Ove.Myhr@lr.org>
groutr | Ryan Grout <rgrout@continuum.io>
hartzell | George Hartzell <hartzell@alerce.com>
hubmann | Patricio Hubmann <phubmann@machinalis.com>
immerrr | immerrr <immerrr@gmail.com>
jacoblsmith | Jake Smith <jacoblsmith@gmail.com>
jacoblsmsith | Jacob Smith <jacoblsmith@gmail.com>
jakirkham | John Kirkham <kirkhamj@janelia.hhmi.org>
jameswinegar | James Winegar <jameswinegar@users.noreply.github.com>
JarnoRFB | Rüdiger Busche <ruedigerbusche@web.de>
jerowe | Jillian Rowe <jillian.e.rowe@gmail.com>
jharriman | Justyn Harriman <justyn@nextdoor.com>
jimm-domingo | James Domingo <jdomingo@umn.edu>
jjhelmus | Jonathan J. Helmus <jjhelmus@gmail.com>
joelkim | Joel Kim <kim.dohhyoung@gmail.com>
josham | Josh Mayer <jmayer@hbk.com>
jrjohansson | Robert Johansson <jrjohansson@gmail.com>
jrovegno | jrovegno <tatadeluxe@gmail.com>
kdeldycke | Kevin Deldycke <kevin@deldycke.com>
Korijn | Korijn van Golen <korijn@gmail.com>
kurtwheeler | Kurt Wheeler <kurt.wheeler91@gmail.com>
lambdalisue | lambdalisue <lambdalisue@hashnote.net>
m-rossi | Marco Rossi <developer@marco-rossi.com>
Maggie-M | Maggie Mari <maggie.mari@continuum.io>
majidaldo | majidaldo <majidaldosar-github@yahoo.com>
makbigc | makbigc <makszechun@gmail.com>
marcelotrevisani | Marcelo Duarte Trevisani <marceloduartetrevisani@gmail.com>
MaxNoe | Maximilian Noethe <maximilian.noethe@tu-dortmund.de>
mdeff | Michaël Defferrard <michael.defferrard@epfl.ch>
mdengler | Martin Dengler <martin@martindengler.com>
megies | Tobias Megies <megies@geophysik.uni-muenchen.de>
mguillau | Matthieu Guillaumin <matthieg@amazon.com>
mheilman | Michael Heilman <mheilman@civisanalytics.com>
mika-fischer | Mika Fischer <mika.fischer@zoopnet.de>
mikecroucher | Mike Croucher <michael.p.croucher@googlemail.com>
minrk | MinRK <benjaminrk@gmail.com>
mjuric | Mario Juric <mjuric@astro.washington.edu>
natefoo | Nate Coraor <nate@bx.psu.edu>
NewbiZ | Aurelien Vallee <vallee.aurelien@gmail.com>
NixonK | Nixon Kwok <nixon.kwok@thinkboxsoftware.com>
nouiz | Frederic Bastien <nouiz@nouiz.org>
ofek | Ofek Lev <ofekmeister@gmail.com>
oyse | Øystein Idema Torget <oysteinidema.torget@statkraft.com>
pelson | Phil Elson <pelson.pub@gmail.com>
peter1000 | peter1000 <peter.margo@gmx.de>
petercable | Peter Cable <petercable@gmail.com>
pkgw | Peter Williams <peter@newton.cx>
ramseydsilva | Ramsey D'silva <rdsilva@mackenzieinvestments.com>
rcthomas | Rollin Thomas <rcthomas@lbl.gov>
rgommers | Ralf Gommers <ralf.gommers@googlemail.com>
rvianello | Riccardo Vianello <riccardo.vianello@gmail.com>
sachinbiradar9 | Sachin G Biradar <sachin@wirelessprvnat-172-16-196-108.near.illinois.edu>
shadowwalkersb | shadow_walker <shadowwalkersb@gmail.com>
ShannonGreen | Shannon Green <sgreen@cochlear.com>
soxofaan | Stefaan Lippens <stefaan@netlog.com>
takluyver | Thomas Kluyver <takowl@gmail.com>
tdhopper| Tim Hopper <tdhopper@gmail.com>
teake | Teake Nutma <t.a.nutma@rug.nl>
tomkinsc | Chris Tomkins-Tinch <tomkinsc@gmail.com>
tpn | Trent Nelson <trent@trent.me>
twiecki | Thomas Wiecki <thomas.wiecki@gmail.com>
tyler-thetyrant | Tyler Kim <tkim139@illinois.edu>
ukoethe | Ullrich Koethe <ullrich.koethe@iwr.uni-heidelberg.de>
wulmer | Wolfgang Ulmer <wolfgang.ulmer@de.bosch.com>
Zaharid | Zahari <zaharid@gmail.com>
zzag | Vlad Zagorodniy <vladzzag@gmail.com>
